flow_id,packet_index,arrival_ms,deadline_ms,link,slot,required_rb,bits_per_rb,delay_ms
0,0,0.0,1.3238327648331625,1,0,3,288,1.0
15,0,0.0,1.5602572770128127,1,0,3,296,1.0
1,0,0.0,2.7896469928463468,2,0,3,575,1.0
6,0,1.0,2.836344302741519,1,1,5,285,1.0
10,0,1.0,1.5771029486174988,2,1,2,492,1.0
2,0,1.0,4.289745146670171,3,1,3,1047,1.0
5,0,1.0,1.0374956584419848,3,1,1,958,1.0
0,1,2.0,1.3238327648331625,1,2,3,305,1.0
15,1,2.0,1.5602572770128127,1,2,3,287,1.0
16,0,1.0,2.2061114248871827,2,2,3,545,2.0
11,0,1.0,2.099178626779543,3,2,2,1077,2.0
12,0,2.0,4.186330722471025,1,3,9,274,2.0
10,1,3.0,1.5771029486174988,2,3,2,550,1.0
5,1,3.0,1.0374956584419848,3,3,1,928,1.0
17,0,1.0,5.489590170902925,3,3,3,1059,3.0
0,2,4.0,1.3238327648331625,1,4,3,300,1.0
15,2,4.0,1.5602572770128127,1,4,3,310,1.0
1,1,4.0,2.7896469928463468,2,4,3,532,1.0
13,0,4.0,10.31687429065341,2,4,9,551,1.0
6,1,5.0,2.836344302741519,1,5,5,293,1.0
10,2,5.0,1.5771029486174988,2,5,2,557,1.0
5,2,5.0,1.0374956584419848,3,5,1,974,1.0
11,1,5.0,2.099178626779543,3,5,2,1005,1.0
0,3,6.0,1.3238327648331625,1,6,3,289,1.0
9,0,3.0,31.159195211319798,1,6,34,289,4.0
15,3,6.0,1.5602572770128127,1,6,3,287,1.0
16,1,5.0,2.2061114248871827,2,6,3,534,2.0
8,0,3.0,8.472884048631913,3,6,5,1085,4.0
3,0,1.0,10.925511335300683,1,7,17,283,7.0
7,0,6.0,4.362852053375461,2,7,5,581,2.0
10,3,7.0,1.5771029486174988,2,7,2,464,1.0
5,3,7.0,1.0374956584419848,3,7,1,857,1.0
0,4,8.0,1.3238327648331625,1,8,3,273,1.0
15,4,8.0,1.5602572770128127,1,8,3,290,1.0
1,2,8.0,2.7896469928463468,2,8,3,505,1.0
6,2,9.0,2.836344302741519,1,9,5,286,1.0
10,4,9.0,1.5771029486174988,2,9,2,551,1.0
5,4,9.0,1.0374956584419848,3,9,1,1024,1.0
11,2,9.0,2.099178626779543,3,9,2,922,1.0
0,5,10.0,1.3238327648331625,1,10,3,271,1.0
15,5,10.0,1.5602572770128127,1,10,3,281,1.0
16,2,9.0,2.2061114248871827,2,10,3,532,2.0
2,1,9.0,4.289745146670171,3,10,3,830,2.0
12,1,10.0,4.186330722471025,1,11,9,279,2.0
10,5,11.0,1.5771029486174988,2,11,2,556,1.0
5,5,11.0,1.0374956584419848,3,11,1,842,1.0
0,6,12.0,1.3238327648331625,1,12,3,272,1.0
15,6,12.0,1.5602572770128127,1,12,4,255,1.0
1,3,12.0,2.7896469928463468,2,12,3,566,1.0
17,1,9.0,5.489590170902925,3,12,3,1078,4.0
6,3,13.0,2.836344302741519,1,13,5,281,1.0
10,6,13.0,1.5771029486174988,2,13,2,483,1.0
5,6,13.0,1.0374956584419848,3,13,1,1048,1.0
11,3,13.0,2.099178626779543,3,13,2,902,1.0
0,7,14.0,1.3238327648331625,1,14,3,269,1.0
15,7,14.0,1.5602572770128127,1,14,4,248,1.0
16,3,13.0,2.2061114248871827,2,14,3,508,2.0
18,0,6.0,12.514946345067093,1,15,17,292,10.0
7,1,14.0,4.362852053375461,2,15,5,593,2.0
10,7,15.0,1.5771029486174988,2,15,2,521,1.0
5,7,15.0,1.0374956584419848,3,15,1,828,1.0
0,8,16.0,1.3238327648331625,1,16,4,258,1.0
15,8,16.0,1.5602572770128127,1,16,4,260,1.0
1,4,16.0,2.7896469928463468,2,16,3,466,1.0
6,4,17.0,2.836344302741519,1,17,5,268,1.0
10,8,17.0,1.5771029486174988,2,17,2,584,1.0
5,8,17.0,1.0374956584419848,3,17,1,1076,1.0
11,4,17.0,2.099178626779543,3,17,2,1039,1.0
0,9,18.0,1.3238327648331625,1,18,3,292,1.0
15,9,18.0,1.5602572770128127,1,18,3,271,1.0
16,4,17.0,2.2061114248871827,2,18,3,497,2.0
2,2,17.0,4.289745146670171,3,18,3,948,2.0
12,2,18.0,4.186330722471025,1,19,9,297,2.0
10,9,19.0,1.5771029486174988,2,19,2,505,1.0
5,9,19.0,1.0374956584419848,3,19,1,805,1.0
17,2,17.0,5.489590170902925,3,19,3,1044,3.0
0,10,20.0,1.3238327648331625,1,20,3,287,1.0
15,10,20.0,1.5602572770128127,1,20,3,296,1.0
1,5,20.0,2.7896469928463468,2,20,3,575,1.0
8,1,19.0,8.472884048631913,3,20,6,831,2.0
6,5,21.0,2.836344302741519,1,21,5,273,1.0
10,10,21.0,1.5771029486174988,2,21,2,505,1.0
13,1,20.0,10.31687429065341,2,21,9,559,2.0
5,10,21.0,1.0374956584419848,3,21,1,1062,1.0
0,11,22.0,1.3238327648331625,1,22,3,292,1.0
15,11,22.0,1.5602572770128127,1,22,3,288,1.0
16,5,21.0,2.2061114248871827,2,22,3,502,2.0
11,5,21.0,2.099178626779543,3,22,2,1057,2.0
3,1,17.0,10.925511335300683,1,23,16,302,7.0
7,2,22.0,4.362852053375461,2,23,5,583,2.0
10,11,23.0,1.5771029486174988,2,23,2,578,1.0
5,11,23.0,1.0374956584419848,3,23,1,802,1.0
0,12,24.0,1.3238327648331625,1,24,3,304,1.0
15,12,24.0,1.5602572770128127,1,24,3,296,1.0
1,6,24.0,2.7896469928463468,2,24,3,490,1.0
6,6,25.0,2.836344302741519,1,25,5,271,1.0
10,12,25.0,1.5771029486174988,2,25,2,533,1.0
5,12,25.0,1.0374956584419848,3,25,1,1045,1.0
11,6,25.0,2.099178626779543,3,25,2,1029,1.0
0,13,26.0,1.3238327648331625,1,26,3,277,1.0
15,13,26.0,1.5602572770128127,1,26,3,290,1.0
16,6,25.0,2.2061114248871827,2,26,3,482,2.0
2,3,25.0,4.289745146670171,3,26,3,1080,2.0
12,3,26.0,4.186330722471025,1,27,9,290,2.0
10,13,27.0,1.5771029486174988,2,27,2,500,1.0
19,0,27.0,23.942631921815867,2,27,17,567,1.0
5,13,27.0,1.0374956584419848,3,27,1,839,1.0
14,0,19.0,24.65097416851428,3,27,10,1056,9.0
0,14,28.0,1.3238327648331625,1,28,3,290,1.0
15,14,28.0,1.5602572770128127,1,28,3,277,1.0
1,7,28.0,2.7896469928463468,2,28,3,561,1.0
4,0,13.0,30.555265010289638,2,28,17,566,16.0
17,3,25.0,5.489590170902925,3,28,3,1035,4.0
6,7,29.0,2.836344302741519,1,29,5,296,1.0
10,14,29.0,1.5771029486174988,2,29,2,582,1.0
5,14,29.0,1.0374956584419848,3,29,1,1066,1.0
0,15,30.0,1.3238327648331625,1,30,3,267,1.0
15,15,30.0,1.5602572770128127,1,30,3,279,1.0
7,3,30.0,4.362852053375461,2,30,5,580,1.0
16,7,29.0,2.2061114248871827,2,30,3,499,2.0
11,7,29.0,2.099178626779543,3,30,2,1068,2.0
18,1,22.0,12.514946345067093,1,31,19,265,10.0
10,15,31.0,1.5771029486174988,2,31,2,549,1.0
5,15,31.0,1.0374956584419848,3,31,1,844,1.0
